<?xml version='1.0' encoding='UTF-8' ?>
<timeLogEntries>
  <time path="/new&#10;/Ti2" flag="R" />
  <time id="1" path="/Ti2/PSP0/Test" start="@1634871195000" delta="210" interrupt="30" flag="A" />
  <time id="2" flag="D" />
  <time id="3" path="/Ti2/PSP0/Test" start="@1635909720000" delta="100" flag="A" />
  <time id="4" path="/Ti2/PSP0/Test" start="@1634959338000" delta="30" flag="A" />
  <time id="5" path="/Ti2/PSP0/Test" start="@1635218539000" delta="60" flag="A" />
  <time id="6" path="/Ti2/PSP0/Test" start="@1635391412000" delta="20" flag="A" />
  <time id="7" path="/Ti2/PSP0/Test" start="@1635737032000" delta="120" flag="A" />
  <time id="8" path="/Ti2/PSP0/Test" start="@1635823453000" delta="90" flag="A" />
</timeLogEntries>
