<?xml version='1.0' encoding='UTF-8' ?>
<timeLogEntries>
  <time id="1" path="/GameStore/PSP0/Planning" start="@1631319667516" delta="33" />
  <time id="2" path="/GameStore/PSP0/Design" start="@1631375570255" delta="142" />
  <time id="3" path="/GameStore/PSP0/Code" start="@1631475224587" delta="88" />
  <time id="4" path="/GameStore/PSP0/Code" start="@1631497485139" delta="40" />
  <time id="5" path="/GameStore/PSP0/Code" start="@1631987308945" delta="75" />
  <time id="6" path="/GameStore/PSP0/Code" start="@1631997430746" delta="29" />
  <time id="7" path="/GameStore/PSP0/Code" start="@1632369177864" delta="23" />
  <time id="8" path="/GameStore/PSP0/Code" start="@1632526041790" delta="93" />
  <time id="9" path="/GameStore/PSP0/Code" start="@1632798838298" delta="84" />
  <time id="10" path="/GameStore/PSP0/Code" start="@1632845787043" delta="301" />
  <time id="11" path="/GameStore/PSP0/Test" start="@1632864585050" delta="81" />
  <time id="12" path="/GameStore/PSP0/Postmortem" start="@1632885958551" delta="28" />
  <time id="13" path="/FIBA_DB/Project/Planning" start="@1634415546532" delta="129" />
  <time id="14" path="/FIBA_DB/Project/Design" start="@1634577036671" delta="41" />
  <time id="15" path="/FIBA_DB/Project/Design" start="@1634616368514" delta="29" />
  <time id="16" path="/FIBA_DB/Project/Code" start="@1634757922354" delta="56" />
  <time id="17" path="/FIBA_DB/Project/Code" start="@1634783767500" delta="101" />
  <time id="18" path="/FIBA_DB/Project/Code" start="@1634849444999" delta="26" />
  <time id="19" path="/FIBA_DB/Project/Code" start="@1634944918836" delta="103" />
  <time id="20" path="/FIBA_DB/Project/Code" start="@1635458389315" delta="299" />
  <time id="21" path="/FIBA_DB/Project/Design" start="@1635476301285" delta="2" />
  <time id="22" path="/FIBA_DB/Project/Code" start="@1635476428562" delta="58" />
  <time id="23" path="/FIBA_DB/Project/Test" start="@1635893235336" delta="2" />
</timeLogEntries>
